{
    "data": [
        {
            "name": "水蒸气蒸馏"
        },
        {
            "name": "玫瑰精油"
        },
        {
            "name": "提取玫瑰精油实验"
        },
        {
            "name": "NaCl"
        },
        {
            "name": "无水Na2SO4"
        },
        {
            "name": "蒸馏"
        },
        {
            "name": "过滤"
        },
        {
            "name": "盐"
        },
        {
            "name": "压榨法"
        },
        {
            "name": "柑橘精油"
        },
        {
            "name": "柠檬精油"
        },
        {
            "name": "萃取法"
        },
        {
            "name": "胡萝卜素"
        },
        {
            "name": "提取胡萝卜素实验"
        },
        {
            "name": "粉碎"
        },
        {
            "name": "干燥"
        },
        {
            "name": "萃取"
        },
        {
            "name": "萃取效率"
        },
        {
            "name": "萃取剂性质"
        },
        {
            "name": "使用量"
        },
        {
            "name": "原料性质"
        },
        {
            "name": "温度和时间"
        },
        {
            "name": "限制性核酸内切酶"
        },
        {
            "name": "基因工程"
        },
        {
            "name": "DNA连接酶"
        },
        {
            "name": "目的基因"
        },
        {
            "name": "载体"
        },
        {
            "name": "特异性"
        },
        {
            "name": "位点"
        },
        {
            "name": "质粒"
        },
        {
            "name": "标记基因"
        },
        {
            "name": "启动子"
        },
        {
            "name": "终止子"
        },
        {
            "name": "农杆菌转化法"
        },
        {
            "name": "显微注射"
        },
        {
            "name": "感受态细胞"
        },
        {
            "name": "分子杂交技术"
        },
        {
            "name": "抗原-抗体杂交"
        },
        {
            "name": "分化"
        },
        {
            "name": "植物组织培养"
        },
        {
            "name": "原生质体"
        },
        {
            "name": "植物体细胞杂交"
        },
        {
            "name": "酶解法"
        },
        {
            "name": "纤维素酶"
        },
        {
            "name": "果胶酶"
        },
        {
            "name": "人工诱导原生质体融合物理方法"
        },
        {
            "name": "人工诱导原生质体融合"
        },
        {
            "name": "人工诱导原生质体融合化学方法"
        },
        {
            "name": "离心"
        },
        {
            "name": "振动"
        },
        {
            "name": "电激"
        },
        {
            "name": "聚乙二醇"
        },
        {
            "name": "动物细胞融合"
        },
        {
            "name": "灭活病毒"
        },
        {
            "name": "胚胎早期培养"
        },
        {
            "name": "胚胎早期培养培养液"
        },
        {
            "name": "胚胎移植"
        },
        {
            "name": "激素"
        },
        {
            "name": "物质循环再生"
        },
        {
            "name": "生态工程建设"
        },
        {
            "name": "物种多样性"
        },
        {
            "name": "协调与平衡"
        },
        {
            "name": "整体性"
        },
        {
            "name": "工程学"
        },
        {
            "name": "细胞"
        },
        {
            "name": "细胞大小"
        },
        {
            "name": "细胞表面积与体积比"
        },
        {
            "name": "细胞核"
        },
        {
            "name": "有丝分裂"
        },
        {
            "name": "有丝分裂间期"
        },
        {
            "name": "DNA"
        },
        {
            "name": "蛋白质"
        },
        {
            "name": "有丝分裂前期"
        },
        {
            "name": "核仁"
        },
        {
            "name": "核膜"
        },
        {
            "name": "纺锤体"
        },
        {
            "name": "染色体"
        },
        {
            "name": "有丝分裂中期"
        },
        {
            "name": "有丝分裂后期"
        },
        {
            "name": "着丝点"
        },
        {
            "name": "有丝分裂末期"
        },
        {
            "name": "动植物细胞"
        },
        {
            "name": "植物细胞"
        },
        {
            "name": "动物细胞"
        },
        {
            "name": "细胞质"
        },
        {
            "name": "细胞分化"
        },
        {
            "name": "基因的选择性表达"
        },
        {
            "name": "衰老细胞"
        },
        {
            "name": "癌细胞"
        },
        {
            "name": "致癌因子"
        },
        {
            "name": "物理致癌因子"
        },
        {
            "name": "化学致癌因子"
        },
        {
            "name": "病毒致癌因子"
        },
        {
            "name": "细胞凋亡"
        },
        {
            "name": "生殖细胞"
        },
        {
            "name": "卵细胞"
        },
        {
            "name": "精细胞"
        },
        {
            "name": "初级卵母细胞"
        },
        {
            "name": "次级卵母细胞"
        },
        {
            "name": "卵原细胞"
        },
        {
            "name": "减数分裂"
        },
        {
            "name": "减数第一次分裂"
        },
        {
            "name": "减数第二次分裂"
        },
        {
            "name": "减数第一次分裂前期"
        },
        {
            "name": "联会"
        },
        {
            "name": "同源染色体"
        },
        {
            "name": "四分体"
        },
        {
            "name": "非同源染色体"
        },
        {
            "name": "同源染色体的非姐妹染色单体"
        },
        {
            "name": "减数第一次分裂中期"
        },
        {
            "name": "减数第一次分裂后期"
        },
        {
            "name": "孟德尔遗传定律"
        },
        {
            "name": "分离定律"
        },
        {
            "name": "自由组合定律"
        },
        {
            "name": "基因型"
        },
        {
            "name": "表现型"
        },
        {
            "name": "遗传"
        },
        {
            "name": "伴性遗传"
        },
        {
            "name": "萨顿"
        },
        {
            "name": "基因在染色体上"
        },
        {
            "name": "摩尔根"
        },
        {
            "name": "伴X染色体隐性遗传"
        },
        {
            "name": "伴X染色体显性遗传"
        },
        {
            "name": "遗传物质"
        },
        {
            "name": "RNA"
        },
        {
            "name": "DNA或RNA"
        },
        {
            "name": "主要的遗传物质"
        },
        {
            "name": "C"
        },
        {
            "name": "H"
        },
        {
            "name": "O"
        },
        {
            "name": "N"
        },
        {
            "name": "P"
        },
        {
            "name": "脱氧核苷酸长链"
        },
        {
            "name": "磷酸"
        },
        {
            "name": "脱氧核糖"
        },
        {
            "name": "含氮碱基"
        },
        {
            "name": "双螺旋结构"
        },
        {
            "name": "DNA复制"
        },
        {
            "name": "游离的四种脱氧核苷酸"
        },
        {
            "name": "解旋酶"
        },
        {
            "name": "DNA聚合酶"
        },
        {
            "name": "ATP"
        },
        {
            "name": "环境容纳量"
        },
        {
            "name": "K值"
        },
        {
            "name": "环境条件不受破坏的情况下一定空间中所能维持的种群最大数量"
        },
        {
            "name": "丰富度"
        },
        {
            "name": "群落中物种数目的多少"
        },
        {
            "name": "大多数群落"
        },
        {
            "name": "明显的分层现象"
        },
        {
            "name": "垂直方向上"
        },
        {
            "name": "植物的分层现象"
        },
        {
            "name": "光照"
        },
        {
            "name": "动物的分层现象"
        },
        {
            "name": "栖息条件和食物"
        },
        {
            "name": "群落演替"
        },
        {
            "name": "随着时间的推移一个群落被另一个群落代替的过程"
        },
        {
            "name": "初生演替"
        },
        {
            "name": "次生演替"
        },
        {
            "name": "一个从来没有被植物覆盖的地面或是原来存在过植被但被彻底消灭了的地方发生的演替"
        },
        {
            "name": "原有植被虽已不存在但原有土壤条件基本保留甚至还保留了植物的种子或其他繁殖体的地方发生的演替"
        },
        {
            "name": "人类活动"
        },
        {
            "name": "群落演替的速度和方向"
        },
        {
            "name": "生态系统"
        },
        {
            "name": "生物群落与它的无机环境相互作用而形成的统一整体"
        },
        {
            "name": "生物圈"
        },
        {
            "name": "生态系统的结构"
        },
        {
            "name": "生态系统的成分"
        },
        {
            "name": "生态系统的营养结构"
        },
        {
            "name": "食物链"
        },
        {
            "name": "物质循环和能量流动的渠道"
        },
        {
            "name": "食物网"
        },
        {
            "name": "生产者"
        },
        {
            "name": "自养型生物"
        },
        {
            "name": "绿色植物"
        },
        {
            "name": "消费者"
        },
        {
            "name": "各种动物"
        },
        {
            "name": "分解者"
        },
        {
            "name": "营腐生生活的细菌和真菌"
        },
        {
            "name": "最高一级的消费者"
        },
        {
            "name": "分解者及非生物的物质和能量"
        },
        {
            "name": "物质循环"
        },
        {
            "name": "组成生物的各种元素在无机环境和生物群落之间循环往复的现象"
        },
        {
            "name": "信息的传递"
        },
        {
            "name": "生命活动的正常进行"
        },
        {
            "name": "生物种群的繁衍"
        },
        {
            "name": "生态系统的稳定性"
        },
        {
            "name": "生态系统的自我调节能力"
        },
        {
            "name": "负反馈调节"
        },
        {
            "name": "抵抗力稳定性"
        },
        {
            "name": "恢复力稳定性"
        },
        {
            "name": "生态系统中组分越多_营养结构越复杂"
        },
        {
            "name": "自我调节能力越强"
        },
        {
            "name": "抵抗力稳定性越高"
        },
        {
            "name": "生物多样性"
        },
        {
            "name": "基因多样性"
        },
        {
            "name": "生态系统多样性"
        },
        {
            "name": "就地保护"
        },
        {
            "name": "在原地对被保护的生态系统或物种建立自然保护区和风景名胜区等"
        },
        {
            "name": "对生物多样性最有效的保护"
        },
        {
            "name": "保护生物多样性"
        },
        {
            "name": "反对盲目地掠夺式地开发利用"
        },
        {
            "name": "禁止开发和利用"
        },
        {
            "name": "酵母菌"
        },
        {
            "name": "果酒"
        },
        {
            "name": "醋酸菌"
        },
        {
            "name": "果醋"
        },
        {
            "name": "毛霉"
        },
        {
            "name": "腐乳"
        },
        {
            "name": "乳酸菌"
        },
        {
            "name": "泡菜"
        },
        {
            "name": "蛋白酶"
        },
        {
            "name": "小分子的肽和氨基酸"
        },
        {
            "name": "脂肪酶"
        },
        {
            "name": "甘油和脂肪酸"
        },
        {
            "name": "温度过高"
        },
        {
            "name": "细菌大量繁殖"
        },
        {
            "name": "亚硝酸盐含量增加"
        },
        {
            "name": "食盐用量不足10%"
        },
        {
            "name": "研制时间过短"
        },
        {
            "name": "腌制时间过短"
        },
        {
            "name": "消毒"
        },
        {
            "name": "使用较为温和的物理或化学方法杀死物体表面或内部的部分微生物"
        },
        {
            "name": "灭菌"
        },
        {
            "name": "使用强烈的理化因素杀死物体内外包括苞芽和孢子在内所有的微生物"
        },
        {
            "name": "平板划线法"
        },
        {
            "name": "分离微生物"
        },
        {
            "name": "对微生物进行计数"
        },
        {
            "name": "稀释涂布平板法"
        },
        {
            "name": "复合酶"
        },
        {
            "name": "C1酶"
        },
        {
            "name": "Cx酶"
        },
        {
            "name": "葡萄糖苷酶"
        },
        {
            "name": "纤维素"
        },
        {
            "name": "纤维二糖"
        },
        {
            "name": "葡萄糖"
        },
        {
            "name": "尿素分解菌"
        },
        {
            "name": "尿素"
        },
        {
            "name": "纤维素分解菌"
        },
        {
            "name": "酚红指示剂"
        },
        {
            "name": "刚果红染色法"
        },
        {
            "name": "外植体"
        },
        {
            "name": "愈伤组织"
        },
        {
            "name": "根和芽"
        },
        {
            "name": "植物体"
        },
        {
            "name": "花粉脱分化结果"
        },
        {
            "name": "培养基中激素的种类及其浓度配比"
        },
        {
            "name": "胚状体"
        },
        {
            "name": "丛芽"
        },
        {
            "name": "生根"
        },
        {
            "name": "移栽"
        },
        {
            "name": "确定花粉发育时期"
        },
        {
            "name": "醋酸洋红法"
        },
        {
            "name": "不宜着色的花粉细胞"
        },
        {
            "name": "焙花青--铬矾法"
        },
        {
            "name": "DNA在NaCl溶液的溶解度"
        },
        {
            "name": "NaCl溶液浓度"
        },
        {
            "name": "溶于酒精"
        },
        {
            "name": "细胞中的某些蛋白质"
        },
        {
            "name": "冷却的酒精"
        },
        {
            "name": "纯化DNA"
        },
        {
            "name": "二苯胺"
        },
        {
            "name": "鉴定DNA"
        },
        {
            "name": "基因"
        },
        {
            "name": "DNA片段"
        },
        {
            "name": "线粒体"
        },
        {
            "name": "叶绿体"
        },
        {
            "name": "转录"
        },
        {
            "name": "翻译"
        },
        {
            "name": "核糖体"
        },
        {
            "name": "种群"
        },
        {
            "name": "生物进化论"
        },
        {
            "name": "进化"
        },
        {
            "name": "突变"
        },
        {
            "name": "基因重组"
        },
        {
            "name": "自然选择"
        },
        {
            "name": "进化的方向"
        },
        {
            "name": "隔离"
        },
        {
            "name": "物种的形成"
        },
        {
            "name": "生殖隔离"
        },
        {
            "name": "地理隔离"
        },
        {
            "name": "物种形成"
        },
        {
            "name": "突变和基因重组_自然选择_隔离"
        },
        {
            "name": "细胞外液"
        },
        {
            "name": "血浆"
        },
        {
            "name": "组织液"
        },
        {
            "name": "淋巴"
        },
        {
            "name": "内环境"
        },
        {
            "name": "较多的蛋白质"
        },
        {
            "name": "血浆渗透压大小"
        },
        {
            "name": "无机盐_蛋白质含量"
        },
        {
            "name": "细胞外液渗透压90%"
        },
        {
            "name": "Na+和Cl-"
        },
        {
            "name": "K+外流"
        },
        {
            "name": "静息电位"
        },
        {
            "name": "Na+内流"
        },
        {
            "name": "动作电位"
        },
        {
            "name": "血糖"
        },
        {
            "name": "食物中糖类的消化和吸收"
        },
        {
            "name": "肝糖原的分解及非糖物质的转化"
        },
        {
            "name": "氧化分解"
        },
        {
            "name": "合成糖原"
        },
        {
            "name": "转化为脂肪和某些氨基酸等"
        },
        {
            "name": "体液调节"
        },
        {
            "name": "激素调节"
        },
        {
            "name": "人体热量"
        },
        {
            "name": "有机物的氧化放能"
        },
        {
            "name": "人体热量散失"
        },
        {
            "name": "汗液的蒸发"
        },
        {
            "name": "皮肤毛细血管散热"
        },
        {
            "name": "下丘脑"
        },
        {
            "name": "抗利尿激素"
        },
        {
            "name": "垂体"
        },
        {
            "name": "肾小管和集合管对水的重吸收"
        },
        {
            "name": "免疫系统"
        },
        {
            "name": "免疫器官"
        },
        {
            "name": "免疫细胞"
        },
        {
            "name": "免疫活性物质"
        },
        {
            "name": "B细胞"
        },
        {
            "name": "浆细胞"
        },
        {
            "name": "记忆细胞"
        },
        {
            "name": "植物激素"
        },
        {
            "name": "植物生长发育"
        },
        {
            "name": "胚芽鞘"
        },
        {
            "name": "尖端"
        },
        {
            "name": "生长激素"
        },
        {
            "name": "尖端下面的伸长区"
        },
        {
            "name": "生长素"
        },
        {
            "name": "幼嫩的芽"
        },
        {
            "name": "叶"
        },
        {
            "name": "发育中的种子"
        },
        {
            "name": "生长旺盛的部位"
        },
        {
            "name": "顶端优势"
        },
        {
            "name": "生长素的作用具有两重性"
        },
        {
            "name": "根的向地性"
        },
        {
            "name": "赤霉素"
        },
        {
            "name": "细胞伸长"
        },
        {
            "name": "种子萌发和果实发育"
        },
        {
            "name": "细胞分裂素"
        },
        {
            "name": "细胞分裂"
        },
        {
            "name": "脱落酸"
        },
        {
            "name": "叶和果实的衰老和脱落"
        },
        {
            "name": "乙烯"
        },
        {
            "name": "果实成熟"
        },
        {
            "name": "糖类"
        },
        {
            "name": "能源物质"
        },
        {
            "name": "脂肪"
        },
        {
            "name": "储能物质"
        },
        {
            "name": "生命活动"
        },
        {
            "name": "核酸"
        },
        {
            "name": "遗传信息"
        },
        {
            "name": "氨基酸"
        },
        {
            "name": "必需氨基酸"
        },
        {
            "name": "非必需氨基酸"
        },
        {
            "name": "甘氨酸"
        },
        {
            "name": "丙氨酸"
        },
        {
            "name": "缬氨酸"
        },
        {
            "name": "亮氨酸"
        },
        {
            "name": "异亮氨酸"
        },
        {
            "name": "甲硫氨酸"
        },
        {
            "name": "脯氨酸"
        },
        {
            "name": "色氨酸"
        },
        {
            "name": "丝氨酸"
        },
        {
            "name": "酪氨酸"
        },
        {
            "name": "半胱氨酸"
        },
        {
            "name": "苯丙氨酸"
        },
        {
            "name": "天冬酰胺"
        },
        {
            "name": "谷氨酰胺"
        },
        {
            "name": "苏氨酸"
        },
        {
            "name": "天门冬氨酸"
        },
        {
            "name": "谷氨酸"
        },
        {
            "name": "赖氨酸"
        },
        {
            "name": "精氨酸"
        },
        {
            "name": "组氨酸"
        },
        {
            "name": "核苷酸"
        },
        {
            "name": "核糖核苷酸"
        },
        {
            "name": "脱氧核苷酸"
        },
        {
            "name": "碱基"
        },
        {
            "name": "核糖"
        },
        {
            "name": "胸腺嘧啶"
        },
        {
            "name": "胞嘧啶"
        },
        {
            "name": "鸟嘌呤"
        },
        {
            "name": "腺嘌呤"
        },
        {
            "name": "尿嘧啶"
        },
        {
            "name": "紫色"
        },
        {
            "name": "绿色"
        },
        {
            "name": "红色"
        },
        {
            "name": "还原糖"
        },
        {
            "name": "砖红色"
        },
        {
            "name": "橘黄色"
        },
        {
            "name": "蓝绿色"
        },
        {
            "name": "乳糖"
        },
        {
            "name": "糖原"
        },
        {
            "name": "蔗糖"
        },
        {
            "name": "麦芽糖"
        },
        {
            "name": "淀粉"
        },
        {
            "name": "脂质"
        },
        {
            "name": "磷脂"
        },
        {
            "name": "固醇"
        },
        {
            "name": "胆固醇"
        },
        {
            "name": "性激素"
        },
        {
            "name": "维生素D"
        },
        {
            "name": "原核细胞"
        },
        {
            "name": "细胞器"
        },
        {
            "name": "中心体"
        },
        {
            "name": "液泡"
        },
        {
            "name": "内质网"
        },
        {
            "name": "高尔基体"
        },
        {
            "name": "溶酶体"
        },
        {
            "name": "生物膜"
        },
        {
            "name": "细胞膜"
        },
        {
            "name": "生物膜系统"
        },
        {
            "name": "细胞器膜"
        },
        {
            "name": "主动运输"
        },
        {
            "name": "细胞质基质"
        },
        {
            "name": "被动运输"
        },
        {
            "name": "跨膜运输"
        },
        {
            "name": "胞吞与胞吐"
        },
        {
            "name": "简单扩散"
        },
        {
            "name": "协助扩散"
        },
        {
            "name": "酶"
        },
        {
            "name": "有氧呼吸"
        },
        {
            "name": "有氧呼吸第一阶段"
        },
        {
            "name": "有氧呼吸第二阶段"
        },
        {
            "name": "有氧呼吸第三阶段"
        },
        {
            "name": "光合作用"
        },
        {
            "name": "光反应"
        },
        {
            "name": "暗反应"
        },
        {
            "name": "水的光解"
        },
        {
            "name": "ATP的形成"
        },
        {
            "name": "CO_2的固定"
        },
        {
            "name": "C_3的还原"
        },
        {
            "name": "叶绿体中的色素"
        },
        {
            "name": "叶黄素"
        },
        {
            "name": "叶绿素a"
        },
        {
            "name": "叶绿素b"
        },
        {
            "name": "DNA的一条链"
        },
        {
            "name": "mRNA"
        },
        {
            "name": "4种游离的核糖核苷酸"
        },
        {
            "name": "20种氨基酸"
        },
        {
            "name": "RNA聚合酶"
        },
        {
            "name": "多种酶"
        },
        {
            "name": "多肽链"
        },
        {
            "name": "A连U_G连C"
        },
        {
            "name": "A连U_G连C_T连A"
        },
        {
            "name": "基因突变"
        },
        {
            "name": "碱基对的增添_缺失和替换"
        },
        {
            "name": "物理因素_化学因素_生物因素"
        },
        {
            "name": "普遍性_随机性_低频性_不定向性_多害少利性"
        },
        {
            "name": "新基因产生的途径_生物变异的根本来源_生物进化的原始材料"
        },
        {
            "name": "发生在有性生殖过程中"
        },
        {
            "name": "非同源染色体的自由组合；同源染色体中非姐妹染色单体的交叉互换"
        },
        {
            "name": "形成生物多样性的重要原因"
        },
        {
            "name": "染色体结构的变异"
        },
        {
            "name": "缺失_增加_倒位_易位"
        },
        {
            "name": "染色体结构的改变_使排列在染色体上的基因的数目或排列顺序发生改变_从而导致性状发生改变"
        },
        {
            "name": "种群基因频率的改变"
        },
        {
            "name": "共同进化"
        },
        {
            "name": "不同物种之间的种间互助和种间斗争"
        },
        {
            "name": "生物与无机环境之间的相互影响"
        },
        {
            "name": "基因多样性_物种多样性_生态系统多样性"
        },
        {
            "name": "内环境稳态"
        },
        {
            "name": "神经_体液_免疫调节网络"
        },
        {
            "name": "神经调节"
        },
        {
            "name": "反射"
        },
        {
            "name": "反射弧"
        },
        {
            "name": "感受器"
        },
        {
            "name": "传入神经"
        },
        {
            "name": "神经中枢"
        },
        {
            "name": "传出神经"
        },
        {
            "name": "效应器"
        },
        {
            "name": "内负外正"
        },
        {
            "name": "内正外负"
        },
        {
            "name": "神经冲动"
        },
        {
            "name": "局部电流"
        },
        {
            "name": "膜内局部电流方向"
        },
        {
            "name": "兴奋"
        },
        {
            "name": "电信号_化学信号_电信号"
        },
        {
            "name": "调节血糖平衡"
        },
        {
            "name": "胰岛B细胞分泌的胰岛素"
        },
        {
            "name": "胰岛A细胞分泌的胰高血糖素"
        },
        {
            "name": "微量和高效"
        },
        {
            "name": "通过体液运输"
        },
        {
            "name": "作用于靶器官和靶细胞"
        },
        {
            "name": "反应速度缓慢"
        },
        {
            "name": "作用范围广泛"
        },
        {
            "name": "作用时间较长"
        },
        {
            "name": "第一道防线"
        },
        {
            "name": "非特异性免疫"
        },
        {
            "name": "第二道防线"
        },
        {
            "name": "第三道防线"
        },
        {
            "name": "特异性免疫"
        },
        {
            "name": "促进生长"
        },
        {
            "name": "抑制生长"
        }
    ],
    "links": [
        {
            "source": 0,
            "target": 1,
            "value": "制备"
        },
        {
            "source": 1,
            "target": 2,
            "value": "实验"
        },
        {
            "source": 3,
            "target": 2,
            "value": "增大盐的浓度"
        },
        {
            "source": 4,
            "target": 2,
            "value": "吸收油层水分"
        },
        {
            "source": 5,
            "target": 2,
            "value": "方法"
        },
        {
            "source": 6,
            "target": 2,
            "value": "方法"
        },
        {
            "source": 3,
            "target": 7,
            "value": "是"
        },
        {
            "source": 8,
            "target": 9,
            "value": "制备"
        },
        {
            "source": 8,
            "target": 10,
            "value": "制备"
        },
        {
            "source": 11,
            "target": 12,
            "value": "提取"
        },
        {
            "source": 12,
            "target": 13,
            "value": "实验"
        },
        {
            "source": 14,
            "target": 13,
            "value": "方法"
        },
        {
            "source": 15,
            "target": 13,
            "value": "方法"
        },
        {
            "source": 16,
            "target": 13,
            "value": "方法"
        },
        {
            "source": 6,
            "target": 13,
            "value": "方法"
        },
        {
            "source": 17,
            "target": 16,
            "value": "性质"
        },
        {
            "source": 18,
            "target": 17,
            "value": "影响因素"
        },
        {
            "source": 19,
            "target": 17,
            "value": "影响因素"
        },
        {
            "source": 20,
            "target": 17,
            "value": "影响因素"
        },
        {
            "source": 21,
            "target": 17,
            "value": "影响因素"
        },
        {
            "source": 22,
            "target": 23,
            "value": "工具"
        },
        {
            "source": 24,
            "target": 23,
            "value": "工具"
        },
        {
            "source": 23,
            "target": 25,
            "value": "操作"
        },
        {
            "source": 23,
            "target": 26,
            "value": "构建"
        },
        {
            "source": 22,
            "target": 27,
            "value": "特性"
        },
        {
            "source": 22,
            "target": 28,
            "value": "特性"
        },
        {
            "source": 29,
            "target": 28,
            "value": "具有"
        },
        {
            "source": 29,
            "target": 30,
            "value": "具有"
        },
        {
            "source": 26,
            "target": 29,
            "value": "常见"
        },
        {
            "source": 25,
            "target": 26,
            "value": "组成"
        },
        {
            "source": 31,
            "target": 26,
            "value": "组成"
        },
        {
            "source": 32,
            "target": 26,
            "value": "组成"
        },
        {
            "source": 30,
            "target": 26,
            "value": "组成"
        },
        {
            "source": 33,
            "target": 25,
            "value": "植物导入方法"
        },
        {
            "source": 34,
            "target": 25,
            "value": "动物导入方法"
        },
        {
            "source": 35,
            "target": 25,
            "value": "微生物导入方法"
        },
        {
            "source": 36,
            "target": 25,
            "value": "检测插入"
        },
        {
            "source": 36,
            "target": 25,
            "value": "检测转录"
        },
        {
            "source": 37,
            "target": 25,
            "value": "检测翻译"
        },
        {
            "source": 38,
            "target": 39,
            "value": "过程"
        },
        {
            "source": 40,
            "target": 41,
            "value": "原料"
        },
        {
            "source": 42,
            "target": 41,
            "value": "方法"
        },
        {
            "source": 42,
            "target": 40,
            "value": "制备"
        },
        {
            "source": 43,
            "target": 42,
            "value": "工具"
        },
        {
            "source": 44,
            "target": 42,
            "value": "工具"
        },
        {
            "source": 45,
            "target": 46,
            "value": "属于"
        },
        {
            "source": 47,
            "target": 46,
            "value": "属于"
        },
        {
            "source": 48,
            "target": 45,
            "value": "属于"
        },
        {
            "source": 49,
            "target": 45,
            "value": "属于"
        },
        {
            "source": 50,
            "target": 45,
            "value": "属于"
        },
        {
            "source": 51,
            "target": 47,
            "value": "属于"
        },
        {
            "source": 51,
            "target": 52,
            "value": "诱导方法"
        },
        {
            "source": 53,
            "target": 52,
            "value": "诱导方法"
        },
        {
            "source": 50,
            "target": 52,
            "value": "诱导方法"
        },
        {
            "source": 54,
            "target": 55,
            "value": "需要"
        },
        {
            "source": 56,
            "target": 57,
            "value": "需要"
        },
        {
            "source": 58,
            "target": 59,
            "value": "基本原理"
        },
        {
            "source": 60,
            "target": 59,
            "value": "基本原理"
        },
        {
            "source": 61,
            "target": 59,
            "value": "基本原理"
        },
        {
            "source": 62,
            "target": 59,
            "value": "基本原理"
        },
        {
            "source": 63,
            "target": 59,
            "value": "基本原理"
        },
        {
            "source": 64,
            "target": 65,
            "value": "性质"
        },
        {
            "source": 65,
            "target": 66,
            "value": "限制因素"
        },
        {
            "source": 65,
            "target": 67,
            "value": "限制因素"
        },
        {
            "source": 64,
            "target": 68,
            "value": "活动"
        },
        {
            "source": 68,
            "target": 69,
            "value": "时期"
        },
        {
            "source": 69,
            "target": 70,
            "value": "复制"
        },
        {
            "source": 69,
            "target": 71,
            "value": "合成"
        },
        {
            "source": 68,
            "target": 72,
            "value": "时期"
        },
        {
            "source": 72,
            "target": 73,
            "value": "解体"
        },
        {
            "source": 72,
            "target": 74,
            "value": "消失"
        },
        {
            "source": 72,
            "target": 75,
            "value": "出现"
        },
        {
            "source": 72,
            "target": 76,
            "value": "出现"
        },
        {
            "source": 68,
            "target": 77,
            "value": "时期"
        },
        {
            "source": 77,
            "target": 76,
            "value": "形态_数目清晰_整齐分布在赤道板附近"
        },
        {
            "source": 68,
            "target": 78,
            "value": "时期"
        },
        {
            "source": 78,
            "target": 79,
            "value": "分裂"
        },
        {
            "source": 78,
            "target": 76,
            "value": "均匀分配到细胞两极"
        },
        {
            "source": 68,
            "target": 80,
            "value": "时期"
        },
        {
            "source": 80,
            "target": 75,
            "value": "消失"
        },
        {
            "source": 80,
            "target": 76,
            "value": "消失"
        },
        {
            "source": 80,
            "target": 73,
            "value": "出现"
        },
        {
            "source": 80,
            "target": 74,
            "value": "出现"
        },
        {
            "source": 68,
            "target": 81,
            "value": "不同"
        },
        {
            "source": 81,
            "target": 75,
            "value": "有丝分裂前期形成方式不同"
        },
        {
            "source": 75,
            "target": 82,
            "value": "由细胞两极发出纺锤丝"
        },
        {
            "source": 75,
            "target": 83,
            "value": "由细胞的两组中心粒发出星射线"
        },
        {
            "source": 81,
            "target": 84,
            "value": "有丝分裂末期分裂方式不同"
        },
        {
            "source": 84,
            "target": 82,
            "value": "在赤道板位登出现细胞板_细胞板由细胞的中央向四周扩展_逐渐形成新的细胞壁_最后_一个细胞分裂成两个子细胞"
        },
        {
            "source": 84,
            "target": 83,
            "value": "細胞膜从中部向内四陷将细胞缢裂为两部分_每部分都含有一个细胞核"
        },
        {
            "source": 85,
            "target": 86,
            "value": "实质"
        },
        {
            "source": 64,
            "target": 87,
            "value": "类型"
        },
        {
            "source": 64,
            "target": 88,
            "value": "类型"
        },
        {
            "source": 88,
            "target": 89,
            "value": "诱导形成"
        },
        {
            "source": 89,
            "target": 90,
            "value": "类别"
        },
        {
            "source": 89,
            "target": 91,
            "value": "类别"
        },
        {
            "source": 89,
            "target": 92,
            "value": "类别"
        },
        {
            "source": 64,
            "target": 93,
            "value": "活动"
        },
        {
            "source": 64,
            "target": 94,
            "value": "类别"
        },
        {
            "source": 94,
            "target": 95,
            "value": "类别"
        },
        {
            "source": 94,
            "target": 96,
            "value": "类别"
        },
        {
            "source": 97,
            "target": 84,
            "value": "不均等分裂"
        },
        {
            "source": 98,
            "target": 84,
            "value": "不均等分裂"
        },
        {
            "source": 99,
            "target": 95,
            "value": "一次只能产生一个"
        },
        {
            "source": 94,
            "target": 100,
            "value": "活动"
        },
        {
            "source": 100,
            "target": 101,
            "value": "时期"
        },
        {
            "source": 100,
            "target": 102,
            "value": "时期"
        },
        {
            "source": 101,
            "target": 103,
            "value": "时期"
        },
        {
            "source": 103,
            "target": 104,
            "value": "活动"
        },
        {
            "source": 104,
            "target": 105,
            "value": "两两配对"
        },
        {
            "source": 104,
            "target": 106,
            "value": "结果"
        },
        {
            "source": 105,
            "target": 107,
            "value": "相反概念"
        },
        {
            "source": 103,
            "target": 108,
            "value": "交叉互换"
        },
        {
            "source": 101,
            "target": 109,
            "value": "时期"
        },
        {
            "source": 109,
            "target": 105,
            "value": "分布于赤道板两侧"
        },
        {
            "source": 101,
            "target": 110,
            "value": "时期"
        },
        {
            "source": 110,
            "target": 105,
            "value": "分离"
        },
        {
            "source": 110,
            "target": 107,
            "value": "自由组合"
        },
        {
            "source": 111,
            "target": 112,
            "value": "第一"
        },
        {
            "source": 111,
            "target": 113,
            "value": "第二"
        },
        {
            "source": 114,
            "target": 115,
            "value": "不一定相同"
        },
        {
            "source": 116,
            "target": 117,
            "value": "方式"
        },
        {
            "source": 118,
            "target": 119,
            "value": "类比推理法提出"
        },
        {
            "source": 120,
            "target": 119,
            "value": "假说演绎法证明"
        },
        {
            "source": 117,
            "target": 121,
            "value": "类别"
        },
        {
            "source": 117,
            "target": 122,
            "value": "类别"
        },
        {
            "source": 123,
            "target": 124,
            "value": "真核生物和原核生物"
        },
        {
            "source": 123,
            "target": 125,
            "value": "病毒"
        },
        {
            "source": 123,
            "target": 70,
            "value": "绝大多数生物"
        },
        {
            "source": 70,
            "target": 126,
            "value": "别名"
        },
        {
            "source": 70,
            "target": 127,
            "value": "元素"
        },
        {
            "source": 70,
            "target": 128,
            "value": "元素"
        },
        {
            "source": 70,
            "target": 129,
            "value": "元素"
        },
        {
            "source": 70,
            "target": 130,
            "value": "元素"
        },
        {
            "source": 70,
            "target": 131,
            "value": "元素"
        },
        {
            "source": 70,
            "target": 132,
            "value": "组成"
        },
        {
            "source": 70,
            "target": 133,
            "value": "组成物质"
        },
        {
            "source": 70,
            "target": 134,
            "value": "组成物质"
        },
        {
            "source": 70,
            "target": 135,
            "value": "组成物质"
        },
        {
            "source": 70,
            "target": 136,
            "value": "空间结构"
        },
        {
            "source": 70,
            "target": 137,
            "value": "活动"
        },
        {
            "source": 137,
            "target": 132,
            "value": "模板"
        },
        {
            "source": 137,
            "target": 138,
            "value": "原料"
        },
        {
            "source": 137,
            "target": 139,
            "value": "酶"
        },
        {
            "source": 137,
            "target": 140,
            "value": "酶"
        },
        {
            "source": 137,
            "target": 141,
            "value": "能量"
        },
        {
            "source": 142,
            "target": 143,
            "value": "是"
        },
        {
            "source": 142,
            "target": 144,
            "value": "是"
        },
        {
            "source": 145,
            "target": 146,
            "value": "是"
        },
        {
            "source": 147,
            "target": 148,
            "value": "具有"
        },
        {
            "source": 148,
            "target": 149,
            "value": "在"
        },
        {
            "source": 150,
            "target": 151,
            "value": "有关于"
        },
        {
            "source": 152,
            "target": 153,
            "value": "有关于"
        },
        {
            "source": 154,
            "target": 155,
            "value": "是"
        },
        {
            "source": 154,
            "target": 156,
            "value": "包括"
        },
        {
            "source": 154,
            "target": 157,
            "value": "包括"
        },
        {
            "source": 156,
            "target": 158,
            "value": "是"
        },
        {
            "source": 157,
            "target": 159,
            "value": "是"
        },
        {
            "source": 160,
            "target": 161,
            "value": "影响"
        },
        {
            "source": 162,
            "target": 163,
            "value": "是"
        },
        {
            "source": 164,
            "target": 162,
            "value": "是"
        },
        {
            "source": 165,
            "target": 166,
            "value": "包括"
        },
        {
            "source": 165,
            "target": 167,
            "value": "包括"
        },
        {
            "source": 168,
            "target": 169,
            "value": "是"
        },
        {
            "source": 170,
            "target": 169,
            "value": "是"
        },
        {
            "source": 171,
            "target": 172,
            "value": "是"
        },
        {
            "source": 171,
            "target": 173,
            "value": "主要是"
        },
        {
            "source": 174,
            "target": 175,
            "value": "主要是"
        },
        {
            "source": 176,
            "target": 177,
            "value": "主要是"
        },
        {
            "source": 168,
            "target": 171,
            "value": "起点"
        },
        {
            "source": 168,
            "target": 178,
            "value": "终点"
        },
        {
            "source": 168,
            "target": 179,
            "value": "没有"
        },
        {
            "source": 180,
            "target": 181,
            "value": "指"
        },
        {
            "source": 182,
            "target": 183,
            "value": "影响"
        },
        {
            "source": 182,
            "target": 184,
            "value": "影响"
        },
        {
            "source": 185,
            "target": 186,
            "value": "基础是"
        },
        {
            "source": 186,
            "target": 187,
            "value": "基础是"
        },
        {
            "source": 185,
            "target": 188,
            "value": "包括"
        },
        {
            "source": 185,
            "target": 189,
            "value": "包括"
        },
        {
            "source": 188,
            "target": 189,
            "value": "负相关"
        },
        {
            "source": 190,
            "target": 191,
            "value": "导致"
        },
        {
            "source": 191,
            "target": 192,
            "value": "导致"
        },
        {
            "source": 193,
            "target": 194,
            "value": "包括"
        },
        {
            "source": 193,
            "target": 60,
            "value": "包括"
        },
        {
            "source": 193,
            "target": 195,
            "value": "包括"
        },
        {
            "source": 196,
            "target": 197,
            "value": "指"
        },
        {
            "source": 196,
            "target": 198,
            "value": "是"
        },
        {
            "source": 199,
            "target": 200,
            "value": "是"
        },
        {
            "source": 199,
            "target": 201,
            "value": "不是"
        },
        {
            "source": 202,
            "target": 203,
            "value": "制作"
        },
        {
            "source": 204,
            "target": 205,
            "value": "制作"
        },
        {
            "source": 206,
            "target": 207,
            "value": "制作"
        },
        {
            "source": 208,
            "target": 209,
            "value": "制作"
        },
        {
            "source": 206,
            "target": 210,
            "value": "产生"
        },
        {
            "source": 210,
            "target": 211,
            "value": "分解产物"
        },
        {
            "source": 212,
            "target": 213,
            "value": "水解产物"
        },
        {
            "source": 214,
            "target": 215,
            "value": "造成"
        },
        {
            "source": 214,
            "target": 216,
            "value": "造成"
        },
        {
            "source": 217,
            "target": 215,
            "value": "造成"
        },
        {
            "source": 217,
            "target": 216,
            "value": "造成"
        },
        {
            "source": 218,
            "target": 215,
            "value": "造成"
        },
        {
            "source": 219,
            "target": 216,
            "value": "造成"
        },
        {
            "source": 220,
            "target": 221,
            "value": "指"
        },
        {
            "source": 222,
            "target": 223,
            "value": "指"
        },
        {
            "source": 224,
            "target": 225,
            "value": "能"
        },
        {
            "source": 224,
            "target": 226,
            "value": "不能"
        },
        {
            "source": 227,
            "target": 225,
            "value": "能"
        },
        {
            "source": 227,
            "target": 226,
            "value": "能"
        },
        {
            "source": 43,
            "target": 228,
            "value": "是"
        },
        {
            "source": 43,
            "target": 229,
            "value": "包括"
        },
        {
            "source": 43,
            "target": 230,
            "value": "包括"
        },
        {
            "source": 43,
            "target": 231,
            "value": "包括"
        },
        {
            "source": 229,
            "target": 232,
            "value": "分解"
        },
        {
            "source": 229,
            "target": 233,
            "value": "分解产物"
        },
        {
            "source": 230,
            "target": 232,
            "value": "分解"
        },
        {
            "source": 230,
            "target": 233,
            "value": "分解产物"
        },
        {
            "source": 231,
            "target": 233,
            "value": "分解"
        },
        {
            "source": 231,
            "target": 234,
            "value": "分解产物"
        },
        {
            "source": 235,
            "target": 236,
            "value": "所用培养基唯一氮源"
        },
        {
            "source": 237,
            "target": 232,
            "value": "所用培养基唯一碳源"
        },
        {
            "source": 235,
            "target": 238,
            "value": "鉴定"
        },
        {
            "source": 237,
            "target": 239,
            "value": "鉴定"
        },
        {
            "source": 240,
            "target": 241,
            "value": "脱分化"
        },
        {
            "source": 241,
            "target": 242,
            "value": "再分化"
        },
        {
            "source": 242,
            "target": 243,
            "value": "发育"
        },
        {
            "source": 244,
            "target": 245,
            "value": "却决于"
        },
        {
            "source": 246,
            "target": 247,
            "value": "分化"
        },
        {
            "source": 241,
            "target": 247,
            "value": "再分化"
        },
        {
            "source": 247,
            "target": 248,
            "value": "诱导"
        },
        {
            "source": 248,
            "target": 249,
            "value": "下一步"
        },
        {
            "source": 250,
            "target": 251,
            "value": "方法"
        },
        {
            "source": 252,
            "target": 253,
            "value": "方法"
        },
        {
            "source": 254,
            "target": 255,
            "value": "有关于"
        },
        {
            "source": 70,
            "target": 256,
            "value": "不能"
        },
        {
            "source": 257,
            "target": 256,
            "value": "能"
        },
        {
            "source": 258,
            "target": 259,
            "value": "作用"
        },
        {
            "source": 260,
            "target": 261,
            "value": "作用"
        },
        {
            "source": 262,
            "target": 263,
            "value": "有遗传效应"
        },
        {
            "source": 76,
            "target": 262,
            "value": "主要载体"
        },
        {
            "source": 264,
            "target": 262,
            "value": "存在"
        },
        {
            "source": 265,
            "target": 262,
            "value": "存在"
        },
        {
            "source": 266,
            "target": 67,
            "value": "主要在"
        },
        {
            "source": 267,
            "target": 268,
            "value": "主要在"
        },
        {
            "source": 269,
            "target": 270,
            "value": "基本单位"
        },
        {
            "source": 271,
            "target": 272,
            "value": "原材料"
        },
        {
            "source": 271,
            "target": 273,
            "value": "原材料"
        },
        {
            "source": 274,
            "target": 275,
            "value": "决定"
        },
        {
            "source": 276,
            "target": 277,
            "value": "导致"
        },
        {
            "source": 278,
            "target": 277,
            "value": "必要条件"
        },
        {
            "source": 279,
            "target": 280,
            "value": "一般条件"
        },
        {
            "source": 280,
            "target": 281,
            "value": "环节"
        },
        {
            "source": 282,
            "target": 283,
            "value": "包括"
        },
        {
            "source": 282,
            "target": 284,
            "value": "包括"
        },
        {
            "source": 282,
            "target": 285,
            "value": "包括"
        },
        {
            "source": 282,
            "target": 286,
            "value": "构成"
        },
        {
            "source": 283,
            "target": 287,
            "value": "含有"
        },
        {
            "source": 284,
            "target": 287,
            "value": "含有"
        },
        {
            "source": 288,
            "target": 289,
            "value": "有关"
        },
        {
            "source": 290,
            "target": 291,
            "value": "来源于"
        },
        {
            "source": 292,
            "target": 293,
            "value": "形成"
        },
        {
            "source": 294,
            "target": 295,
            "value": "形成"
        },
        {
            "source": 296,
            "target": 297,
            "value": "来源"
        },
        {
            "source": 296,
            "target": 298,
            "value": "来源"
        },
        {
            "source": 296,
            "target": 299,
            "value": "去路"
        },
        {
            "source": 296,
            "target": 300,
            "value": "去路"
        },
        {
            "source": 296,
            "target": 301,
            "value": "去路"
        },
        {
            "source": 302,
            "target": 303,
            "value": "主要内容"
        },
        {
            "source": 304,
            "target": 305,
            "value": "来源"
        },
        {
            "source": 306,
            "target": 307,
            "value": "通过"
        },
        {
            "source": 306,
            "target": 308,
            "value": "通过"
        },
        {
            "source": 309,
            "target": 310,
            "value": "合成"
        },
        {
            "source": 311,
            "target": 310,
            "value": "释放"
        },
        {
            "source": 310,
            "target": 312,
            "value": "促进"
        },
        {
            "source": 313,
            "target": 314,
            "value": "组成"
        },
        {
            "source": 313,
            "target": 315,
            "value": "组成"
        },
        {
            "source": 313,
            "target": 316,
            "value": "组成"
        },
        {
            "source": 317,
            "target": 318,
            "value": "转化为"
        },
        {
            "source": 317,
            "target": 319,
            "value": "转化为"
        },
        {
            "source": 320,
            "target": 321,
            "value": "显著影响"
        },
        {
            "source": 322,
            "target": 323,
            "value": "感光部位"
        },
        {
            "source": 324,
            "target": 323,
            "value": "产生部位"
        },
        {
            "source": 324,
            "target": 323,
            "value": "横向运输部位"
        },
        {
            "source": 322,
            "target": 325,
            "value": "弯曲生长部位"
        },
        {
            "source": 326,
            "target": 327,
            "value": "合成部位"
        },
        {
            "source": 326,
            "target": 328,
            "value": "合成部位"
        },
        {
            "source": 326,
            "target": 329,
            "value": "合成部位"
        },
        {
            "source": 326,
            "target": 330,
            "value": "主要分布"
        },
        {
            "source": 331,
            "target": 332,
            "value": "证明"
        },
        {
            "source": 333,
            "target": 332,
            "value": "证明"
        },
        {
            "source": 334,
            "target": 335,
            "value": "促进"
        },
        {
            "source": 334,
            "target": 336,
            "value": "促进"
        },
        {
            "source": 337,
            "target": 338,
            "value": "促进"
        },
        {
            "source": 339,
            "target": 338,
            "value": "抑制"
        },
        {
            "source": 339,
            "target": 340,
            "value": "促进"
        },
        {
            "source": 341,
            "target": 342,
            "value": "促进"
        },
        {
            "source": 343,
            "target": 344,
            "value": "属于"
        },
        {
            "source": 345,
            "target": 346,
            "value": "属于"
        },
        {
            "source": 71,
            "target": 347,
            "value": "完成"
        },
        {
            "source": 348,
            "target": 349,
            "value": "含有"
        },
        {
            "source": 350,
            "target": 71,
            "value": "组成"
        },
        {
            "source": 351,
            "target": 350,
            "value": "属于"
        },
        {
            "source": 352,
            "target": 350,
            "value": "属于"
        },
        {
            "source": 353,
            "target": 352,
            "value": "属于"
        },
        {
            "source": 354,
            "target": 352,
            "value": "属于"
        },
        {
            "source": 355,
            "target": 351,
            "value": "属于"
        },
        {
            "source": 356,
            "target": 351,
            "value": "属于"
        },
        {
            "source": 357,
            "target": 351,
            "value": "属于"
        },
        {
            "source": 358,
            "target": 351,
            "value": "属于"
        },
        {
            "source": 359,
            "target": 352,
            "value": "属于"
        },
        {
            "source": 360,
            "target": 351,
            "value": "属于"
        },
        {
            "source": 361,
            "target": 352,
            "value": "属于"
        },
        {
            "source": 362,
            "target": 352,
            "value": "属于"
        },
        {
            "source": 363,
            "target": 352,
            "value": "属于"
        },
        {
            "source": 364,
            "target": 351,
            "value": "属于"
        },
        {
            "source": 365,
            "target": 352,
            "value": "属于"
        },
        {
            "source": 366,
            "target": 352,
            "value": "属于"
        },
        {
            "source": 367,
            "target": 351,
            "value": "属于"
        },
        {
            "source": 368,
            "target": 352,
            "value": "属于"
        },
        {
            "source": 369,
            "target": 352,
            "value": "属于"
        },
        {
            "source": 370,
            "target": 351,
            "value": "属于"
        },
        {
            "source": 371,
            "target": 352,
            "value": "属于"
        },
        {
            "source": 372,
            "target": 352,
            "value": "属于"
        },
        {
            "source": 124,
            "target": 348,
            "value": "属于"
        },
        {
            "source": 70,
            "target": 348,
            "value": "属于"
        },
        {
            "source": 373,
            "target": 348,
            "value": "组成"
        },
        {
            "source": 374,
            "target": 373,
            "value": "属于"
        },
        {
            "source": 375,
            "target": 373,
            "value": "属于"
        },
        {
            "source": 375,
            "target": 70,
            "value": "组成"
        },
        {
            "source": 374,
            "target": 124,
            "value": "组成"
        },
        {
            "source": 376,
            "target": 375,
            "value": "组成"
        },
        {
            "source": 134,
            "target": 375,
            "value": "组成"
        },
        {
            "source": 133,
            "target": 375,
            "value": "组成"
        },
        {
            "source": 376,
            "target": 374,
            "value": "组成"
        },
        {
            "source": 377,
            "target": 374,
            "value": "组成"
        },
        {
            "source": 378,
            "target": 376,
            "value": "属于"
        },
        {
            "source": 379,
            "target": 376,
            "value": "属于"
        },
        {
            "source": 380,
            "target": 376,
            "value": "属于"
        },
        {
            "source": 381,
            "target": 376,
            "value": "属于"
        },
        {
            "source": 382,
            "target": 376,
            "value": "属于"
        },
        {
            "source": 378,
            "target": 70,
            "value": "包含于"
        },
        {
            "source": 379,
            "target": 70,
            "value": "包含于"
        },
        {
            "source": 380,
            "target": 70,
            "value": "包含于"
        },
        {
            "source": 381,
            "target": 70,
            "value": "包含于"
        },
        {
            "source": 382,
            "target": 124,
            "value": "包含于"
        },
        {
            "source": 379,
            "target": 124,
            "value": "包含于"
        },
        {
            "source": 380,
            "target": 124,
            "value": "包含于"
        },
        {
            "source": 381,
            "target": 124,
            "value": "包含于"
        },
        {
            "source": 71,
            "target": 383,
            "value": "双缩脲试剂"
        },
        {
            "source": 70,
            "target": 384,
            "value": "甲基绿染液"
        },
        {
            "source": 124,
            "target": 385,
            "value": "吡罗红染液"
        },
        {
            "source": 386,
            "target": 387,
            "value": "斐林试剂并加热"
        },
        {
            "source": 345,
            "target": 388,
            "value": "苏丹Ⅲ染液"
        },
        {
            "source": 345,
            "target": 385,
            "value": "苏丹Ⅳ染液"
        },
        {
            "source": 264,
            "target": 389,
            "value": "健那绿染液"
        },
        {
            "source": 390,
            "target": 83,
            "value": "分布于"
        },
        {
            "source": 391,
            "target": 83,
            "value": "分布于"
        },
        {
            "source": 392,
            "target": 82,
            "value": "分布于"
        },
        {
            "source": 393,
            "target": 82,
            "value": "分布于"
        },
        {
            "source": 394,
            "target": 82,
            "value": "分布于"
        },
        {
            "source": 232,
            "target": 82,
            "value": "分布于"
        },
        {
            "source": 345,
            "target": 395,
            "value": "属于"
        },
        {
            "source": 396,
            "target": 395,
            "value": "属于"
        },
        {
            "source": 397,
            "target": 395,
            "value": "属于"
        },
        {
            "source": 398,
            "target": 397,
            "value": "属于"
        },
        {
            "source": 399,
            "target": 397,
            "value": "属于"
        },
        {
            "source": 400,
            "target": 397,
            "value": "属于"
        },
        {
            "source": 401,
            "target": 268,
            "value": "含有"
        },
        {
            "source": 268,
            "target": 402,
            "value": "属于"
        },
        {
            "source": 264,
            "target": 402,
            "value": "属于"
        },
        {
            "source": 265,
            "target": 402,
            "value": "属于"
        },
        {
            "source": 403,
            "target": 402,
            "value": "属于"
        },
        {
            "source": 404,
            "target": 402,
            "value": "属于"
        },
        {
            "source": 405,
            "target": 402,
            "value": "属于"
        },
        {
            "source": 406,
            "target": 402,
            "value": "属于"
        },
        {
            "source": 407,
            "target": 402,
            "value": "属于"
        },
        {
            "source": 343,
            "target": 408,
            "value": "组成"
        },
        {
            "source": 395,
            "target": 408,
            "value": "组成"
        },
        {
            "source": 71,
            "target": 408,
            "value": "组成"
        },
        {
            "source": 409,
            "target": 410,
            "value": "属于"
        },
        {
            "source": 74,
            "target": 410,
            "value": "属于"
        },
        {
            "source": 411,
            "target": 410,
            "value": "属于"
        },
        {
            "source": 264,
            "target": 412,
            "value": "参与"
        },
        {
            "source": 268,
            "target": 412,
            "value": "参与"
        },
        {
            "source": 265,
            "target": 141,
            "value": "产生"
        },
        {
            "source": 264,
            "target": 141,
            "value": "产生"
        },
        {
            "source": 413,
            "target": 141,
            "value": "产生"
        },
        {
            "source": 264,
            "target": 348,
            "value": "含有"
        },
        {
            "source": 265,
            "target": 348,
            "value": "含有"
        },
        {
            "source": 268,
            "target": 348,
            "value": "含有"
        },
        {
            "source": 264,
            "target": 123,
            "value": "含有"
        },
        {
            "source": 265,
            "target": 123,
            "value": "含有"
        },
        {
            "source": 268,
            "target": 338,
            "value": "参与"
        },
        {
            "source": 403,
            "target": 338,
            "value": "参与"
        },
        {
            "source": 264,
            "target": 338,
            "value": "参与"
        },
        {
            "source": 406,
            "target": 338,
            "value": "参与"
        },
        {
            "source": 414,
            "target": 415,
            "value": "属于"
        },
        {
            "source": 412,
            "target": 415,
            "value": "属于"
        },
        {
            "source": 416,
            "target": 415,
            "value": "属于"
        },
        {
            "source": 417,
            "target": 414,
            "value": "属于"
        },
        {
            "source": 418,
            "target": 414,
            "value": "属于"
        },
        {
            "source": 419,
            "target": 71,
            "value": "含有"
        },
        {
            "source": 419,
            "target": 124,
            "value": "含有"
        },
        {
            "source": 420,
            "target": 421,
            "value": "包含"
        },
        {
            "source": 420,
            "target": 422,
            "value": "包含"
        },
        {
            "source": 420,
            "target": 423,
            "value": "包含"
        },
        {
            "source": 424,
            "target": 425,
            "value": "包含"
        },
        {
            "source": 424,
            "target": 426,
            "value": "包含"
        },
        {
            "source": 425,
            "target": 427,
            "value": "包含"
        },
        {
            "source": 425,
            "target": 428,
            "value": "包含"
        },
        {
            "source": 426,
            "target": 429,
            "value": "包含"
        },
        {
            "source": 426,
            "target": 430,
            "value": "包含"
        },
        {
            "source": 12,
            "target": 431,
            "value": "属于"
        },
        {
            "source": 432,
            "target": 431,
            "value": "属于"
        },
        {
            "source": 433,
            "target": 431,
            "value": "属于"
        },
        {
            "source": 434,
            "target": 431,
            "value": "属于"
        },
        {
            "source": 266,
            "target": 435,
            "value": "模板"
        },
        {
            "source": 267,
            "target": 436,
            "value": "模板"
        },
        {
            "source": 266,
            "target": 437,
            "value": "原料"
        },
        {
            "source": 267,
            "target": 438,
            "value": "原料"
        },
        {
            "source": 266,
            "target": 439,
            "value": "所需酶"
        },
        {
            "source": 267,
            "target": 440,
            "value": "所需酶"
        },
        {
            "source": 266,
            "target": 124,
            "value": "产物"
        },
        {
            "source": 267,
            "target": 441,
            "value": "产物"
        },
        {
            "source": 266,
            "target": 442,
            "value": "碱基配对方式"
        },
        {
            "source": 267,
            "target": 443,
            "value": "碱基配对方式"
        },
        {
            "source": 444,
            "target": 445,
            "value": "三个来源"
        },
        {
            "source": 444,
            "target": 446,
            "value": "三个诱变因素"
        },
        {
            "source": 444,
            "target": 447,
            "value": "五个特点"
        },
        {
            "source": 444,
            "target": 448,
            "value": "意义"
        },
        {
            "source": 273,
            "target": 449,
            "value": "时期"
        },
        {
            "source": 273,
            "target": 450,
            "value": "来源"
        },
        {
            "source": 273,
            "target": 451,
            "value": "意义"
        },
        {
            "source": 452,
            "target": 453,
            "value": "类型"
        },
        {
            "source": 452,
            "target": 454,
            "value": "结果"
        },
        {
            "source": 271,
            "target": 455,
            "value": "实质"
        },
        {
            "source": 276,
            "target": 279,
            "value": "类型"
        },
        {
            "source": 276,
            "target": 278,
            "value": "类型"
        },
        {
            "source": 456,
            "target": 457,
            "value": "动力来源"
        },
        {
            "source": 456,
            "target": 458,
            "value": "动力来源"
        },
        {
            "source": 193,
            "target": 459,
            "value": "层次"
        },
        {
            "source": 460,
            "target": 461,
            "value": "调节机制"
        },
        {
            "source": 462,
            "target": 463,
            "value": "基本方式"
        },
        {
            "source": 463,
            "target": 464,
            "value": "结构基础"
        },
        {
            "source": 464,
            "target": 465,
            "value": "组成"
        },
        {
            "source": 464,
            "target": 466,
            "value": "组成"
        },
        {
            "source": 464,
            "target": 467,
            "value": "组成"
        },
        {
            "source": 464,
            "target": 468,
            "value": "组成"
        },
        {
            "source": 464,
            "target": 469,
            "value": "组成"
        },
        {
            "source": 293,
            "target": 470,
            "value": "表现"
        },
        {
            "source": 295,
            "target": 471,
            "value": "表现"
        },
        {
            "source": 472,
            "target": 473,
            "value": "传导方式"
        },
        {
            "source": 472,
            "target": 474,
            "value": "传导方向"
        },
        {
            "source": 475,
            "target": 476,
            "value": "突触中传递的信号转换方式"
        },
        {
            "source": 477,
            "target": 478,
            "value": "激素"
        },
        {
            "source": 477,
            "target": 479,
            "value": "激素"
        },
        {
            "source": 303,
            "target": 480,
            "value": "特点"
        },
        {
            "source": 303,
            "target": 481,
            "value": "特点"
        },
        {
            "source": 303,
            "target": 482,
            "value": "特点"
        },
        {
            "source": 302,
            "target": 483,
            "value": "特点"
        },
        {
            "source": 302,
            "target": 484,
            "value": "特点"
        },
        {
            "source": 302,
            "target": 485,
            "value": "特点"
        },
        {
            "source": 486,
            "target": 487,
            "value": "作用"
        },
        {
            "source": 488,
            "target": 487,
            "value": "作用"
        },
        {
            "source": 489,
            "target": 490,
            "value": "作用"
        },
        {
            "source": 326,
            "target": 491,
            "value": "低浓度"
        },
        {
            "source": 326,
            "target": 492,
            "value": "高浓度"
        }
    ]
}